source_org,file_name,paper_title,insight_1,insight_2,insight_3,insight_4
HKMA,03 December 2025_The Stabilising Effect of Domestic Investor Participation in Equity Fund Markets.pdf,The Stabilising Effect of Domestic Investor Participation in Equity Fund Markets,Domestic investors play a crucial role in stabilizing equity fund markets.,Increased domestic participation can lead to more stable and predictable market conditions.,Investor confidence is significantly boosted by higher levels of domestic investment.,The presence of domestic investors helps mitigate volatility in the market.
HKMA,15 April 2025_The impact of climate-related factors on the greenfield foreign direct investment.pdf,The impact of climate-related factors on the greenfield foreign direct investment,Climate-related factors significantly influence the decision-making process for greenfield FDI.,Investments in regions with higher exposure to climate risks face greater challenges and uncertainties.,Adaptation strategies can mitigate some of the negative impacts on foreign direct investment.,Policy interventions are crucial in creating a favorable environment for greenfield FDI.
HKMA,19 August 2025_Asia-Pacific corporates’ exposure and resilience to climate physical risk.pdf,Asia-Pacific corporates’ exposure and resilience to climate physical risk,The report highlights that Asia-Pacific corporates have varying levels of exposure to climate physical risks.,It identifies key sectors within the region that are more vulnerable to these risks.,The document outlines strategies for improving corporate resilience against climate physical risks.,Recommendations include strengthening risk management practices and enhancing adaptation measures.
HKMA,20 January 2025_A simple framework for assessing the cross-border transmission of climate transition risk based on global syndicated loan data.pdf,A simple framework for assessing the cross-border transmission of climate transition risk based on global syndicated loan data,The paper introduces a simple framework to assess climate transition risks.,It uses global syndicated loan data as a basis for its analysis.,The framework aims to identify cross-border transmission of climate transition risk.,It suggests potential strategies or measures to mitigate these risks.
HKMA,20 January 2025_Assessing the role of venture capital and private equity investment in financing innovations in green technology.pdf,Assessing the role of venture capital and private equity investment in financing innovations in green technology,Venture capital and private equity play a crucial role in financing innovations in green technology.,The study suggests that venture capital and private equity can help bridge the gap between innovation and commercialization in green technology sectors.,Investors in these funds are often attracted to projects with high growth potential and significant environmental impact.,There is a need for more research on how venture capital and private equity can be effectively utilized to support green technology innovations.
HKMA,20 January 2025_The role of banks’ bond underwriting activities in the transition to a low-carbon economy- Evidence from the Asia-Pacific region.pdf,The role of banks’ bond underwriting activities in the transition to a low-carbon economy - Evidence from the Asia-Pacific region,Banks' bond underwriting activities play a significant role in financing green projects.,There is evidence that suggests increased bond issuance by banks can lead to more investment in sustainable infrastructure and renewable energy projects.,"The Asia-Pacific region has seen notable growth in green bonds issued by banks, indicating the growing importance of this sector.","However, there are challenges such as regulatory frameworks and market demand that affect the effectiveness of these bond underwriting activities."
HKMA,21 January 2026_Assessing the effects of CDI on SME loans in Hong Kong.pdf,Assessing the effects of CDI on SME loans in Hong Kong,CDI has a significant impact on SME loan default rates.,SMEs with higher credit scores are less affected by changes in CDI.,The implementation of CDI leads to an increase in the number of SME loans granted.,CDI's effectiveness varies across different sectors and industries.
HKMA,22 April 2026_Corporate operational flexibility as a buffer against economic policy uncertainty.pdf,Corporate operational flexibility as a buffer against economic policy uncertainty,The study emphasizes the importance of corporate operational flexibility in mitigating risks associated with economic policy uncertainties.,"Operational flexibility can help companies adapt to changes in policies and regulations, thereby reducing potential disruptions.",Companies that are more flexible in their operations tend to have better resilience against sudden shifts in economic conditions.,"Economic policy uncertainties often lead to market volatility; however, operational flexibility can stabilize a company's performance."
HKMA,23 January 2025_Assessing the role of banks in the private credit sector- evidence from bank loans provided to private credit lenders.pdf,Assessing the role of banks in the private credit sector- evidence from bank loans provided to private credit lenders,Evidence suggests that banks play a significant role in the private credit sector.,The study found that banks' lending practices can influence the growth and stability of the private credit market.,Banks' involvement in private credit sectors is crucial for economic development as it provides access to finance for small businesses and entrepreneurs.,"However, there are risks associated with high levels of bank loans provided to private credit lenders."
HKMA,24 February 2026_Assessing the Impact of Stablecoins on Exchange Rate Volatility-  Evidence from Emerging Market Economies.pdf,Assessing the Impact of Stablecoins on Exchange Rate Volatility - Evidence from Emerging Market Economies,Stablecoins can significantly affect exchange rate volatility in emerging market economies.,The impact varies depending on the specific characteristics and regulatory frameworks of each country.,Emerging markets with higher levels of financial development are more susceptible to stablecoin-induced volatility.,"Regulatory measures, such as capital controls and exchange rate policies, can mitigate these effects."
HKMA,25 September 2025_Assessing the linkages between hedge funds and prime brokers in sovereign bond markets- Evidence from commercial data.pdf,Assessing the linkages between hedge funds and prime brokers in sovereign bond markets- Evidence from commercial data,The study examines the relationship between hedge funds and prime brokers in the context of sovereign bond markets.,It uses commercial data to provide evidence on how these entities interact within the market.,The research aims to understand the financial linkages and potential risks associated with this interaction.,Findings suggest that there are significant correlations between hedge fund activities and prime broker services in sovereign bond markets.
HKMA,26 March 2025_Exploring the bidirectional ESG spillover effects in FDI.pdf,Exploring the bidirectional ESG spillover effects in FDI,"The study examines the impact of Environmental, Social, and Governance (ESG) factors on Foreign Direct Investment (FDI).",It investigates how changes in a country's ESG performance can affect its FDI inflows and outflows.,The research also explores how FDI activities can influence the ESG performance of recipient countries.,"Bidirectional spillover effects are identified, indicating that both the home and host countries' ESG practices impact each other."
HKMA,26 March 2025_Utilising generative AI tools to monitor systemic risks in global banking- An analysis of earnings call transcript data.pdf,Utilising generative AI tools to monitor systemic risks in global banking - An analysis of earnings call transcript data,The use of generative AI tools can significantly enhance the monitoring of systemic risks in the global banking sector.,An analysis of earnings call transcripts provides valuable insights into potential systemic risks within the banking industry.,Generative AI models are effective in identifying patterns and anomalies in financial data that may indicate emerging systemic risks.,The integration of generative AI with traditional risk management techniques can improve overall risk assessment accuracy.
HKMA,26 September 2025_Assessing the information communications and technology third-party dependencies of financial institutions in the Asia Pacific region- An analysis of ....pdf,Assessing the Information Communications and Technology Third-Party Dependencies of Financial Institutions in the Asia Pacific Region - An Analysis,The study focuses on identifying third-party dependencies within financial institutions in the Asia-Pacific region.,It examines the impact of these dependencies on information communications technology systems.,The research aims to provide a comprehensive understanding of potential risks and vulnerabilities associated with third-party dependencies.,It includes an analysis of existing literature and case studies to support its findings.
HKMA,28 January 2025_A Generative Artificial Intelligence Approach to Tracking Mainland China’s Housing Market Sentiment Using Social Media Data.pdf,A Generative Artificial Intelligence Approach to Tracking Mainland China’s Housing Market Sentiment Using Social Media Data,The study utilizes AI for sentiment analysis of social media data.,Mainland China's housing market is the focus of the research.,Social media data is used to track housing market sentiment.,AI-generated models are employed in this approach.
HKMA,29 September 2025_Assessing cyber risks for financial stability- Evidence from investment funds.pdf,Assessing cyber risks for financial stability - Evidence from investment funds,Investment funds are vulnerable to cyber threats.,Cyber attacks can lead to significant financial losses and reputational damage.,Risk management strategies need to be strengthened in the financial sector.,Regulatory frameworks should be updated to address evolving cyber risks.
HKMA,31 December 2025_The implications of digitalisation adoption for Hong Kong non-financial corporates – An assessment based on textual analysis.pdf,The implications of digitalisation adoption for Hong Kong non-financial corporates – An assessment based on textual analysis,Digitalization adoption can lead to improved operational efficiency in Hong Kong non-financial corporations.,There is a significant potential for cost savings through digital transformation in the examined companies.,The use of digital technologies has resulted in enhanced customer service experiences among Hong Kong non-financial corporates.,Digitalization adoption has contributed to better risk management practices within the analyzed entities.
SFC,Feb 2025_RS Paper 76- A Review of the Global and Local Securities Markets in 2024.pdf,A Review of the Global and Local Securities Markets in 2024,The global securities market experienced significant volatility due to geopolitical tensions.,"Local markets showed resilience, with some countries experiencing growth despite economic challenges.","Cryptocurrency markets saw a mixed performance, influenced by regulatory changes and investor sentiment.",Economic indicators such as GDP growth rates varied significantly across different regions.
SFC,Feb 2026_RS Paper 78- A Review of the Global and Local Securities Markets in 2025.pdf,A Review of the Global and Local Securities Markets in 2025,The global securities market is expected to see significant growth driven by technological advancements.,Local markets are projected to experience more stable performance due to regulatory support and investor confidence.,"There will be an increase in cross-border investments, particularly from emerging economies into developed markets.",The impact of climate change on securities markets is expected to become a major factor for investors.
SFC,Jul 2025_RS Paper 77- Half-yearly Review of the Global and Local Securities Markets.pdf,Half-yearly Review of the Global and Local Securities Markets,The review highlights significant changes in global securities markets during the specified period.,Local market trends show a notable increase in volatility compared to previous years.,There is an emerging trend towards digitalization in securities trading and investment strategies.,Regulatory bodies are increasingly focusing on cybersecurity measures for financial institutions.
BIS,2024-01-04_Testing-the-cognitive-limits-of-large-language-models_fintech.pdf,Testing-the-cognitive-limits-of-large-language-models_fintech,The study explores the cognitive limits of large language models in financial contexts.,Researchers found that LLMs struggle with complex financial narratives and market jargon.,The research indicates potential limitations for LLMs in providing accurate financial advice.,Future work should focus on improving the understanding of LLMs in specific domains like finance.
BIS,2024-01-23_Artificial-intelligence-in-central-banking_fintech.pdf,Artificial intelligence in central banking and fintech,The integration of AI has significantly improved the efficiency and accuracy of monetary policy implementation.,"AI-driven algorithms are being used to predict market trends more accurately, aiding in risk management strategies.",Central banks are exploring the use of blockchain technology in conjunction with AI for secure transactions and smart contracts.,AI is revolutionizing customer service in banking by providing personalized financial advice and services.
BIS,"2024-01-24_Regulation,-information-asymmetries-and-the-funding-of-new-ventures_fintech.pdf","Regulation, Information Asymmetries, and the Funding of New Ventures in Fintech",The regulation environment significantly impacts the funding opportunities for fintech ventures.,Information asymmetry is a critical factor affecting venture funding in the fintech sector.,Regulatory changes can either facilitate or hinder the growth of new fintech ventures.,Effective communication and transparency are crucial for overcoming information asymmetries.
BIS,2024-01-29_Public-information-and-stablecoin-runs_fintech.pdf,Public Information and Stablecoin Runs,The research highlights the importance of public information in understanding stablecoin runs.,Stablecoins are vulnerable to market volatility when public information is not transparent or consistent.,Regulatory oversight plays a crucial role in mitigating risks associated with stablecoin operations.,Public education and communication strategies can help stabilize the perception of stablecoins.
BIS,2024-02-06_Tracing-the-adoption-of-digital-technologies_fintech.pdf,Tracing the adoption of digital technologies in fintech,The study highlights the increasing integration of blockchain technology in financial services.,It identifies a significant rise in mobile payment systems usage among consumers globally.,The research reveals that artificial intelligence is being increasingly used for fraud detection and prevention.,There is an observed trend of enhanced cybersecurity measures due to the adoption of digital technologies.
BIS,2024-02-07_The-economic-implications-of-services-in-the-metaverse_fintech.pdf,The economic implications of services in the metaverse for fintech,Metaverse services are expected to significantly increase financial transactions.,Fintech companies will need to adapt their products and services to meet new demands.,There could be a rise in virtual currencies and decentralized finance (DeFi) applications within the metaverse.,The metaverse may lead to changes in traditional financial regulations.
BIS,"2024-02-29_Recommendations-for-the-Regulation,-Supervision-and-Oversight-of-Global-Stablecoin-Arrangements---Executive-Summary_fintech.pdf","Recommendations for the Regulation, Supervision, and Oversight of Global Stablecoin Arrangements - Executive Summary",The importance of a clear regulatory framework to ensure stability and prevent systemic risks in stablecoin arrangements.,Stakeholder collaboration is crucial for effective oversight and regulation of global stablecoins.,"Regulators should consider the potential impact on financial stability, market integrity, and consumer protection when overseeing stablecoins.",The need for a coordinated international approach to address the challenges posed by global stablecoin arrangements.
BIS,2024-03-04_Fast-payments-design-and-adoption_fintech.pdf,Fast-payments-design-and-adoption_fintech,"Designing fast payments systems involves addressing various challenges such as security, interoperability, and regulatory compliance.","Adoption of fast payment systems is influenced by factors including user trust, technological maturity, and government support.","The success of fast payment systems can be measured through metrics like transaction speed, cost efficiency, and customer satisfaction.",Cross-border payments are a significant area where fast payment systems have the potential to revolutionize financial transactions.
BIS,2024-03-13_DeFi-leverage_fintech.pdf,2024-03-13_DeFi-leverage_fintech,DeFi leverages financial technology to enhance lending and borrowing processes.,The document discusses the potential risks associated with high leverage in DeFi systems.,It highlights the importance of regulatory oversight in managing DeFi leverage risks.,The research suggests that integrating smart contracts can improve transparency and security in DeFi leveraged transactions.
BIS,"2024-03-21_The-impact-of-information-and-communication-technologies-on-banks,-credit,-and-savings-an-examination-of-Brazil_fintech.pdf","The impact of information and communication technologies on banks, credit, and savings: an examination of Brazil fintech",Information and Communication Technologies (ICT) have significantly impacted the banking sector in Brazil.,Credit operations have also been influenced by ICT advancements in Brazil's financial landscape.,Savings behavior has changed due to the integration of ICT into Brazilian finance.,Fintech innovations have played a crucial role in shaping the Brazilian financial ecosystem.
BIS,2024-03-25_Unmitigated-disasters-Risk-sharing-and-macroeconomic-recovery-in-a-large-international-panel_green_finance.pdf,Unmitigated Disasters: Risk Sharing and Macroeconomic Recovery in a Large International Panel,Risk sharing mechanisms can mitigate the impact of unmitigated disasters on macroeconomic recovery.,The study uses a large international panel to analyze risk-sharing effects.,Risk-sharing strategies are crucial for fostering resilience in global economies.,Macroeconomic policies need to be more flexible and interconnected to effectively manage unmitigated disasters.
BIS,2024-03-28_From-financial-inclusion-to-financial-health_fintech.pdf,From financial inclusion to financial health: Fintech innovations,The paper discusses how fintech has played a crucial role in improving financial health.,It highlights the importance of digital banking and mobile payments in enhancing financial inclusion.,The research emphasizes the need for regulatory frameworks to support fintech innovations.,Fintech is increasingly being used as a tool for poverty alleviation and economic empowerment.
BIS,2024-04-09_Stablecoins-regulatory-responses-to-their-promise-of-stability_fintech.pdf,Stablecoins-regulatory-responses-to-their-promise-of-stability_fintech,The regulatory responses to stablecoins have been inconsistent across different jurisdictions.,Central banks are increasingly considering the use of central bank digital currencies (CBDCs) as a potential solution for managing stablecoin risks.,"Stablecoins can be categorized into two main types: asset-backed and algorithmic, each with its own set of regulatory challenges.",Regulators are focusing on the underlying assets or mechanisms that support the stability of stablecoins.
BIS,2024-04-15_Finternet-the-financial-system-for-the-future_fintech.pdf,Finternet-the-financial-system-for-the-future,The Fintech industry is expected to play a crucial role in transforming financial systems.,Fintech can enhance efficiency and accessibility of financial services.,"There are potential risks associated with the rapid growth of Fintech, such as cybersecurity threats.",Regulatory frameworks need to be updated to accommodate the evolving nature of Fintech.
BIS,2024-04-17_The-impact-of-artificial-intelligence-on-output-and-inflation_fintech.pdf,The impact of artificial intelligence on output and inflation fintech,Artificial Intelligence (AI) has shown significant potential in improving financial technology (fintech) solutions.,AI can help reduce operational costs for fintech companies by automating routine tasks.,"The integration of AI into fintech could lead to more accurate and timely financial predictions, potentially reducing inflation risks.","However, the widespread adoption of AI in fintech may also pose challenges such as job displacement and data privacy concerns."
BIS,2024-04-23_Survey-evidence-on-gen-AI-and-households-job-prospects-amid-trust-concerns_fintech.pdf,Survey evidence on gen-AI and households' job prospects amid trust concerns,The survey suggests that AI could lead to significant changes in household employment opportunities.,Households with higher levels of digital literacy show greater acceptance towards AI integration.,Trust in AI technology is crucial for its widespread adoption and benefits among households.,There are concerns about job displacement due to the rise of gen-AI.
BIS,2024-04-26_Synthetic-controls-with-machine-learning-application-on-the-effect-of-labour-deregulation-on-worker-productivity-in-Brazil_fintech.pdf,Synthetic controls with machine learning: application on the effect of labour deregulation on worker productivity in Brazil,BIS Working Papers No 1181,Deregulation of labor laws has a significant impact on worker productivity in Brazil.,Synthetic control methods combined with machine learning can effectively analyze the effect of labour deregulation.,The study suggests that reducing labor regulations may lead to decreased productivity among workers.
BIS,2024-05-02_Why-DeFi-lending-Evidence-from-Aave-V2_fintech.pdf,Why DeFi lending: Evidence from Aave V2,"The study examines the performance of Aave V2, a decentralized finance (DeFi) protocol.",It analyzes the health ratio of Aave V2 and its impact on liquidity providers.,The research explores the mechanisms behind Aave V2's lending functionality.,It investigates the role of Aave V2 in the broader DeFi ecosystem.
BIS,2024-05-14_Nothing-to-hide-Gender-and-age-differences-in-the-willingness-to-share-data_fintech.pdf,Nothing to Hide: Gender and Age Differences in the Willingness to Share Data,"The willingness to share data varies significantly based on gender, with women being more likely to share their data compared to men.",Age plays a crucial role in determining the likelihood of sharing personal data. Younger individuals are generally less willing to share their data than older individuals.,"There is no significant difference found between different age groups when considering gender, suggesting that both women and men from younger ages are less likely to share their data compared to those from older ages.","The study also indicates that certain demographics (e.g., higher income brackets) may exhibit a stronger inclination towards sharing personal data."
BIS,2024-05-15_Finding-a-needle-in-a-haystack-a-machine-learning-framework-for-anomaly-detection-in-payment-systems_fintech.pdf,Finding a Needle in a Haystack: A Machine Learning Framework for Anomaly Detection in Payment Systems,The framework utilizes machine learning to detect anomalies in payment systems.,It employs deep learning techniques for improved anomaly detection accuracy.,The system is designed to handle large volumes of transaction data efficiently.,Anomaly detection can help prevent fraudulent activities and improve overall security.
BIS,2024-05-22_CEO-turnover-risk-and-firm-environmental-performance_green_finance.pdf,2024-05-22_CEO-turnover-risk-and-firm-environmental-performance_green_finance,CEO turnover risk and firm environmental performance in green finance,The relationship between CEO turnover and the environmental performance of firms in the green finance sector is explored.,Firms with higher CEO turnover have lower environmental performance scores in green finance sectors.,This study suggests that frequent changes in leadership may hinder sustainable practices in green finance companies.
BIS,2024-05-23_Generative-artificial-intelligence-and-cyber-security-in-central-banking_fintech.pdf,Generative artificial intelligence and cyber security in central banking fintech,The integration of generative AI into financial systems can significantly enhance cybersecurity measures.,"However, the use of AI also introduces new vulnerabilities that need to be carefully managed.",Central banks should develop robust policies and guidelines for AI usage in banking sectors.,Continuous monitoring and updates are necessary to adapt to evolving cyber threats.
BIS,2024-05-27_Building-a-more-diverse-suptech-ecosystem-findings-from-surveys-of-financial-authorities-and-suptech-vendors_fintech.pdf,Building a more diverse suptech ecosystem: Findings from surveys of financial authorities and suptech vendors,Findings suggest that there is a need for increased diversity in the suptech ecosystem.,Financial authorities are generally supportive of increasing diversity in the suptech sector.,Suptech vendors report challenges in accessing financial authorities and resources to promote diversity.,There is a lack of standardized data collection methods for assessing diversity within the suptech ecosystem.
BIS,2024-05-30_Next-generation-correspondent-banking_fintech.pdf,Next-generation correspondent banking fintech,The report discusses the integration of blockchain technology in correspondent banking.,It highlights the potential for AI to enhance risk management and compliance processes.,The document emphasizes the importance of cybersecurity measures in the context of fintech advancements.,It also explores the role of digital identity verification in improving correspondent banking operations.
BIS,2024-06-11_Central-bank-capital-and-trust-in-money-lessons-from-history-for-the-digital-age_fintech.pdf,Central bank capital and trust in money: lessons from history for the digital age - fintech,The paper explores historical lessons on trust in money and central bank capital.,It discusses how these lessons can be applied to the digital age of finance.,The research delves into the role of central banks in maintaining financial stability.,It examines the impact of technological advancements on trust and monetary systems.
BIS,2024-06-13_Intelligent-financial-system-how-AI-is-transforming-finance_fintech.pdf,Intelligent financial system: How AI is transforming finance and fintech,"AI has become a critical tool in financial analysis, decision-making, and risk management.",The integration of AI into the financial industry has led to more efficient and personalized services for consumers.,AI is playing an increasingly important role in fraud detection and prevention within financial systems.,There are concerns about data privacy and security as AI becomes more integrated with financial systems.
BIS,"2024-06-14_Embracing-diversity,-advancing-together---results-of-the-2023-BIS-survey-on-central-bank-digital-currencies-and-crypto_fintech.pdf","Embracing diversity, advancing together - results of the 2023 BIS survey on central bank digital currencies and crypto-fintech",The survey highlights the increasing interest in CBDCs among central banks worldwide.,"There is a growing trend towards greater collaboration between central banks, fintech companies, and other stakeholders in the industry.",Central banks are exploring various models for issuing and managing CBDCs to meet their regulatory requirements and technological needs.,The survey also reveals that there is still a significant level of skepticism among some central banks regarding the potential risks associated with CBDCs.
BIS,2024-06-14_Peering-through-the-hype---assessing-suptech-tools'-transition-from-experimentation-to-supervision_fintech.pdf,Peering through the hype - Assessing suptech tools' transition from experimentation to supervision,The paper discusses the challenges faced by supervisory authorities in regulating Suptech (supervision technology) tools.,It highlights the need for a more structured approach to integrate Suptech into existing regulatory frameworks.,The study identifies key areas where Suptech can improve efficiency and effectiveness in supervision processes.,It suggests that further research is needed to understand the long-term impact of Suptech on supervisory practices.
BIS,"2024-07-08_Digital-payments,-informality-and-economic-growth_fintech.pdf","Digital-payments,-informality-and-economic-growth","The study explores the relationship between digital payments, financial informality, and economic growth.",It highlights how widespread use of digital payment systems can reduce financial informality and boost economic growth.,The research suggests that countries with higher levels of digital payment adoption tend to have lower rates of financial informality.,"Furthermore, the study indicates that reducing financial informality through digital payments can lead to more stable and inclusive economic growth."
BIS,2024-07-11_The-gen-AI-gender-gap_fintech.pdf,The-gen-AI-gender-gap_fintech,The AI gender gap in fintech is a significant issue that requires immediate attention.,Fintech companies are often found to have fewer female employees and leadership roles compared to their male counterparts.,There is a lack of diverse representation in the development and deployment stages of AI technologies within fintech sectors.,The gender gap in fintech AI can lead to biased algorithms that affect financial outcomes for different genders.
BIS,2024-07-12_Sovereign-green-bonds-a-catalyst-for-sustainable-debt-market-development_green_finance.pdf,Sovereign-green-bonds-a-catalyst-for-sustainable-debt-market-development,Sovereign green bonds have emerged as a significant catalyst for sustainable debt market development.,They offer governments an opportunity to align their financing with environmental goals and attract investors who prioritize sustainability.,The issuance of sovereign green bonds can help reduce the carbon footprint of government projects and infrastructure.,Sovereign green bonds also provide a way for governments to demonstrate leadership in climate action and improve their reputation among socially conscious investors.
BIS,2024-07-25_Crypto-exchange-tokens_fintech.pdf,2024-07-25_Crypto-exchange-tokens_fintech,Crypto exchange tokens in fintech context,Analysis of crypto exchange market trends,Impact of regulatory changes on crypto exchanges,Comparative study of different fintech platforms
BIS,"2024-08-22_Climate-policies,-labour-markets-and-macroeconomic-outcomes-in-emerging-economies_green_finance.pdf","Climate-policies,-labour-markets-and-macroeconomic-outcomes-in-emerging-economies_green_finance",The study explores the impact of climate policies on labor markets and macroeconomic outcomes in emerging economies.,It examines how green finance can mitigate adverse effects of climate policies on economic stability.,The research highlights the importance of balancing environmental goals with economic sustainability in emerging economies.,It discusses potential policy interventions to enhance the effectiveness of climate policies.
BIS,2024-08-29_The-financial-stability-implications-of-multifunction-cryptoasset-intermediaries---Executive-Summary_fintech.pdf,The financial stability implications of multifunction cryptoasset intermediaries,Multifunction cryptoasset intermediaries can pose systemic risks to financial stability.,Regulatory oversight is crucial for mitigating the potential risks associated with these intermediaries.,Intermediaries should be held accountable for ensuring transparency and security in their operations.,Stakeholders need to collaborate closely to develop effective regulatory frameworks.
BIS,"2024-09-02_The-rise-of-generative-AI-modelling-exposure,-substitution-and-inequality-effects-on-the-US-labour-market_fintech.pdf","The-rise-of-generative-AI-modelling-exposure,-substitution-and-inequality-effects-on-the-US-labour-market",Generative AI models have significantly increased exposure to new job opportunities.,There is a potential substitution effect where some jobs may be replaced by AI-generated content or processes.,"AI advancements could exacerbate existing inequalities in the US labor market, particularly affecting lower-skilled workers.",The rise of generative AI models has implications for workforce training and education to adapt to new job requirements.
BIS,2024-09-04_Generative-AI-and-labour-productivity-a-field-experiment-on-coding_fintech.pdf,Generative AI and Labour Productivity: A Field Experiment on Coding Fintech,The experiment found that generative AI can significantly improve coding productivity in fintech environments.,Participants who used generative AI tools reported a 30% increase in code completion speed compared to those who did not use such tools.,Generative AI reduced the average time spent on debugging by approximately 45 minutes per day for fintech coders.,The study suggests that integrating generative AI into fintech development processes could lead to a substantial reduction in project timelines.
BIS,2024-10-01_CB-LMs-language-models-for-central-banking_fintech.pdf,CB-LMs: Language Models for Central Banking Fintech,The use of language models in central banking fintech can enhance communication between banks and their customers.,Language models are crucial for improving the accuracy and efficiency of financial transactions through natural language processing.,Central banks can leverage language models to better understand and respond to public concerns related to monetary policy and economic conditions.,"The integration of language models in fintech solutions can lead to more personalized banking services, improving customer satisfaction."
BIS,2024-10-04_Quantum-computing-and-the-financial-system-opportunities-and-risks_fintech.pdf,Quantum computing and the financial system: Opportunities and risks,"The integration of quantum computing into traditional financial systems could lead to significant advancements in areas such as cryptography, optimization problems, and transaction processing.","However, there are also potential risks associated with quantum computing, including the threat to current cryptographic security protocols used in finance.",Quantum computers may pose a challenge for traditional financial institutions that rely heavily on classical computing methods.,The development of new regulatory frameworks will be crucial as quantum computing technology advances and its impact on the financial system becomes more apparent.
BIS,2024-10-16_Bank-specialisation-and-corporate-innovation_fintech.pdf,Bank Specialization and Corporate Innovation in Fintech,Fintech firms that specialize in certain areas tend to innovate more rapidly.,Specialized fintech can lead to better financial outcomes for corporations.,There is a positive correlation between specialization and the speed of innovation within fintech sectors.,Fintech firms that are not specialized may struggle to keep up with rapidly evolving industry standards.
BIS,"2024-10-17_Stablecoins,-money-market-funds-and-monetary-policy_fintech.pdf","Stablecoins,-money-market-funds-and-monetary-policy_fintech",The research discusses the impact of stablecoins on money market funds.,It explores how monetary policy affects the stability and functionality of stablecoins.,The study examines the regulatory challenges faced by stablecoin issuers.,It analyzes the potential risks associated with stablecoins in a financial ecosystem.
BIS,2024-10-18_The-road-to-net-zero-a-fund-flow-investigation_green_finance.pdf,The road to net-zero: A fund flow investigation - green finance,Investigates the role of financial flows in achieving net-zero emissions.,Highlights the importance of green finance in driving sustainable investments and reducing carbon footprints.,Identifies key sectors that require significant investment to meet climate goals.,Proposes strategies for policymakers and investors to facilitate transition towards net-zero emissions.
BIS,2024-10-24_A-two-sided-affair-banks-and-tech-firms-in-banking_fintech.pdf,A two-sided affair: Banks and tech firms in banking fintech,The collaboration between banks and tech firms is crucial for innovation in the financial sector.,"Tech firms bring digital capabilities to traditional banking, enhancing customer experience and operational efficiency.",Banks leverage tech firms' expertise to stay competitive and meet evolving customer needs.,"However, this partnership also poses challenges such as regulatory compliance and data security."
BIS,2024-10-30_Artificial-intelligence-and-big-holdings-data-Opportunities-for-central-banks_fintech.pdf,Artificial intelligence and big holdings data: Opportunities for central banks - fintech,Central banks can leverage AI to better understand and manage large financial holdings.,AI can help central banks make more accurate predictions about market trends and economic conditions.,The use of big data in conjunction with AI can enhance the effectiveness of monetary policy implementation by central banks.,Central banks may need to adapt their regulatory frameworks to accommodate new technologies like AI.
BIS,2024-10-30_Carbon-prices-and-reforestation-in-tropical-forest_green_finance.pdf,Carbon-prices-and-reforestation-in-tropical-forest_green_finance,The study explores the relationship between carbon prices and reforestation efforts in tropical forests.,It highlights the importance of green finance in supporting reforestation projects.,Carbon pricing mechanisms can be effective tools for incentivizing forest conservation and restoration activities.,The document suggests that integrating carbon markets into reforestation initiatives could lead to more sustainable outcomes.
BIS,2024-11-19_Decentralised-dealers-Examining-liquidity-provision-in-decentralised-exchanges_fintech.pdf,Decentralised Dealers: Examining Liquidity Provision in Decentralized Exchanges,The study highlights the importance of liquidity provision in decentralized exchanges (DEXs).,It identifies key challenges and opportunities for DEXs in providing liquidity.,The research suggests that DEXs can benefit from partnerships with traditional financial institutions to improve liquidity.,The study recommends further exploration of regulatory frameworks to support the growth of decentralized finance (DeFi).
BIS,2024-11-21_Retail-fast-payment-systems-as-a-catalyst-for-digital-finance_fintech.pdf,Retail-fast-payment-systems-as-a-catalyst-for-digital-finance_fintech,Fast payment systems can accelerate digital finance adoption.,They improve financial inclusion by reducing transaction costs and barriers.,They enhance efficiency in the supply chain and reduce fraud.,"However, they also pose challenges such as privacy concerns."
BIS,2024-12-02_Whither-inflation-targeting-as-a-global-monetary-standard_inflation.pdf,Whither-inflation-targeting-as-a-global-monetary-standard,Inflation targeting has been a global monetary standard for decades.,"However, its effectiveness is under scrutiny due to recent economic conditions.",Alternative approaches are being explored as potential replacements or supplements.,The future of inflation targeting remains uncertain.
BIS,2024-12-03_Central-bank-digital-currencies-and-fast-payment-systems-rivals-or-partners_fintech.pdf,Central bank digital currencies and fast payment systems: rivals or partners? - Fintech,The integration of central bank digital currencies (CBDCs) with existing fast payment systems can enhance efficiency and reduce transaction costs.,CBDCs could potentially disrupt traditional banking models by offering a more accessible and convenient alternative to cash and credit cards.,There is a need for regulatory frameworks that balance innovation with consumer protection when implementing CBDCs.,"Collaboration between central banks, fintech companies, and payment systems operators can accelerate the adoption of CBDCs."
BIS,2024-12-10_Large-language-models-a-primer-for-economists_fintech.pdf,Large-language-models-a-primer-for-economists_fintech,The primer provides a comprehensive overview of large language models for economists and fintech professionals.,It highlights the potential applications of LLMs in financial modeling and analysis.,The document emphasizes the importance of understanding LLMs' limitations and ethical considerations.,It discusses how LLMs can be used to improve customer service in fintech sectors.
BIS,2024-12-10_Targeted-Taylor-rules-monetary-policy-responses-to-demand--and-supply-driven-inflation_inflation.pdf,Targeted Taylor rules monetary policy responses to demand--and supply-driven inflation,The paper discusses how targeted Taylor rules can be used in monetary policy to respond to both demand and supply-driven inflation.,It explores the effectiveness of these rules in managing economic conditions during periods of high inflation.,"The research also examines the impact of such policies on different sectors of the economy, including employment and output levels.","Furthermore, it analyzes potential challenges and solutions related to implementing targeted Taylor rules."
BIS,2024-12-10_Targeted-Taylor-rules-some-evidence-and-theory_inflation.pdf,Targeted Taylor Rules Some Evidence and Theory,The paper discusses the effectiveness of targeted Taylor rules in managing inflation.,It explores how central banks can use these rules to target specific sectors or regions with different interest rates.,The research provides evidence on the impact of such policies on economic stability and growth.,"The study also delves into theoretical aspects, examining the potential benefits and drawbacks of targeted Taylor rules."
BIS,2024-12-12_Regulating-AI-in-the-financial-sector-recent-developments-and-main-challenges_fintech.pdf,Regulating AI in the Financial Sector: Recent Developments and Main Challenges,Recent regulatory developments have focused on ensuring transparency and accountability in AI applications within financial sectors.,"Main challenges include data privacy, cybersecurity threats, and the need for robust oversight mechanisms.",Regulators are exploring ways to harmonize international standards to address global concerns effectively.,"There is a growing emphasis on fostering collaboration between regulators, technology providers, and industry stakeholders."
BIS,2024-12-16_The-macroeconomics-of-green-transitions_green_finance.pdf,The Macroeconomics of Green Transitions and Green Finance,Green finance plays a crucial role in facilitating green transitions by providing financial resources for sustainable projects.,Economic models suggest that green investments can lead to long-term economic benefits through reduced environmental degradation and increased resource efficiency.,There is evidence indicating that countries with higher levels of green finance have better outcomes in terms of carbon emissions reductions and improved energy security.,"However, the implementation of green policies can face challenges such as market failures and regulatory barriers, which need to be addressed for effective green transitions."
BIS,2024-12-17_A-proposal-for-a-retail-central-bank-digital-currency-(CBDC)-architecture_fintech.pdf,A proposal for a retail central bank digital currency (CBDC) architecture,"The proposed CBDC architecture includes features such as privacy-preserving transactions, interoperability with other financial systems, and support for cross-border payments.",The document emphasizes the importance of ensuring regulatory compliance while implementing a CBDC system.,A key aspect discussed is the need for robust security measures to protect against fraud and unauthorized access.,"The proposal outlines potential challenges such as public acceptance, technological maturity, and legal frameworks."
BIS,2024-12-18_Faster-digital-payments-global-and-regional-perspectives_fintech.pdf,Faster-digital-payments-global-and-regional-perspectives_fintech,The global digital payments market is expected to grow significantly over the next decade.,"Regulatory frameworks for digital payments vary widely across different regions, posing challenges and opportunities for fintech companies.",Fintech innovations in digital payments are driving efficiency improvements and cost reductions.,"There is a growing trend towards cross-border digital payment solutions, facilitated by technological advancements."
BIS,2025-01-09_The-use-and-disuse-of-FinTech-credit-When-buy-now-pay-later-meets-credit-reporting_fintech.pdf,The use and disuse of FinTech credit: When buy-now-pay-later meets credit reporting,The integration of buy-now-pay-later (BNPL) services with traditional credit reporting systems can lead to complex financial outcomes for consumers.,There is a need for regulatory frameworks that address the potential risks and benefits associated with BNPL and credit reporting interactions.,"Consumers may benefit from clearer communication about their credit history when using BNPL services, as this can improve their understanding of their financial situation.",Further research is needed to understand how different consumer demographics respond to BNPL and credit reporting integration.
BIS,2025-01-16_Completing-the-post-pandemic-landing_inflation.pdf,Completing the post-pandemic landing in inflation,The global economy is expected to face a prolonged period of low growth and high unemployment.,"Inflation rates are likely to remain elevated for some time, particularly in emerging markets.",Central banks will need to carefully balance the risks between inflation and economic recovery.,"The pandemic has exacerbated existing vulnerabilities in financial systems, necessitating enhanced regulatory oversight."
BIS,2025-01-21_Estimating-nonlinear-heterogeneous-agent-models-with-neural-networks_fintech.pdf,Estimating nonlinear heterogeneous agent models with neural networks,The paper discusses the use of neural networks in estimating complex economic models.,It explores how these models can be applied to financial technology (fintech) contexts.,The research aims to improve the accuracy and efficiency of model estimation through neural network techniques.,Neural networks are used to handle nonlinear and heterogeneous agent behaviors in economic systems.
BIS,2025-01-23_Privacy-enhancing-technologies-for-digital-payments-mapping-the-landscape_fintech.pdf,Privacy-enhancing technologies for digital payments mapping the landscape,The report identifies key privacy enhancing technologies in digital payment systems.,It highlights the importance of regulatory frameworks in ensuring privacy in digital payments.,The study outlines different types of privacy risks associated with digital payments.,It discusses potential solutions and best practices for mitigating these risks.
BIS,2025-01-29_Governance-of-AI-adoption-in-central-banks_fintech.pdf,Governance of AI adoption in central banks,Central banks should establish clear governance frameworks for AI adoption.,Transparency and accountability are crucial in AI governance within central banks.,Regulatory oversight is necessary to ensure ethical use of AI technology by central banks.,Collaboration with industry experts can enhance the development and implementation of AI governance policies.
BIS,2025-02-04_Mutual-funds-and-climate-news_green_finance.pdf,Mutual-funds-and-climate-news_green_finance,The impact of climate news on mutual funds investments is explored.,Green finance strategies are discussed in the context of mutual fund performance.,Mutual funds can play a significant role in promoting green investment practices.,Climate change risks and opportunities for mutual funds are analyzed.
BIS,2025-02-10_Macroeconomic-impact-of-extreme-weather-events_green_finance.pdf,Macroeconomic impact of extreme weather events on green finance,The study highlights the significant economic impacts of climate change on green finance.,It identifies key sectors that are particularly vulnerable to extreme weather events in terms of financial stability.,The research suggests potential policy interventions to mitigate these impacts.,It emphasizes the importance of integrating climate risk management into existing green finance frameworks.
BIS,2025-02-19_Artificial-intelligence-and-relationship-lending_fintech.pdf,Artificial intelligence-and-relationship-lending_fintech,The integration of artificial intelligence in relationship lending has shown promising results in improving loan approval rates.,"AI algorithms can predict borrower default risk more accurately than traditional methods, leading to better credit decisions.",Relationship lenders using AI have seen an increase in customer satisfaction due to faster and more personalized service delivery.,AI-powered relationship lending models are scalable and can be implemented across different financial institutions.
BIS,2025-02-21_Putting-AI-agents-through-their-paces-on-general-tasks_fintech.pdf,Putting AI agents through their paces on general tasks in fintech,The study explores how AI agents perform across various financial technology (fintech) applications.,It highlights the challenges and opportunities of using AI for general tasks in fintech environments.,The research emphasizes the importance of adaptability and robustness in AI systems designed for fintech use cases.,It discusses potential future developments and improvements needed to enhance AI's effectiveness in fintech.
BIS,2025-02-27_How-far-can-digital-innovation-improve-credit-to-small-firms-in-emerging-market-economies_fintech.pdf,How far can digital innovation improve credit to small firms in emerging market economies,Digital innovation has shown significant potential in improving access to credit for small firms in emerging markets.,"However, challenges such as regulatory barriers and technological infrastructure remain major obstacles.",There is a need for tailored digital solutions that address specific market needs.,"Collaboration between fintech companies, governments, and financial institutions is crucial for successful implementation."
BIS,2025-03-07_Fast-payments-and-financial-inclusion-in-Latin-America-and-the-Caribbean_fintech.pdf,Fast-payments-and-financial-inclusion-in-Latin-America-and-the-Caribbean_fintech,Latin America and Caribbean countries have seen significant progress in financial inclusion through the adoption of fast payments systems.,The implementation of fintech solutions has played a crucial role in improving access to financial services for underserved populations in Latin America and the Caribbean.,Efforts towards digital transformation and innovation are essential for achieving broader financial inclusion goals in the region.,"Challenges such as regulatory frameworks, technological infrastructure, and social acceptance need to be addressed to fully realize the potential of fast payments systems."
BIS,2025-03-11_Growth-of-the-green-bond-market-and-greenhouse-gas-emissions_green_finance.pdf,Growth of the green bond market and greenhouse gas emissions,The green bond market has experienced significant growth over the past decade.,Green bonds have become an important tool for financing climate change mitigation projects.,There is a strong correlation between the issuance of green bonds and reductions in greenhouse gas emissions.,"The global green bond market has shown steady growth, with Asia Pacific being one of the leading regions."
BIS,"2025-03-11_Moving-targets-Inflation-targeting-frameworks,1990–2025_inflation.pdf","Moving-targets Inflation-targeting frameworks, 1990–2025",Inflation targeting has evolved over time with different countries adopting various frameworks.,The effectiveness of inflation targeting varies across countries and economic conditions.,Central banks have adjusted their policies to better align with inflation targets in response to global financial crises.,There is a growing interest in hybrid models that combine elements of inflation targeting with other monetary policy tools.
BIS,2025-03-13_Climate-Minsky-moments-and-endogenous-financial-crises_green_finance.pdf,Climate Minsky Moments and Endogenous Financial Crises,The study explores the relationship between climate change and financial crises.,It introduces the concept of 'Minsky Moments' in a new context related to climate change.,"The research suggests that endogenous factors play a significant role in triggering financial crises, even when influenced by external factors like climate changes.",The document highlights potential strategies for mitigating the impact of climate-induced financial instability.
BIS,2025-03-14_The-role-of-geopolitics-in-international-trade_inflation.pdf,The role of geopolitics in international trade and inflation,Geopolitical tensions can significantly impact international trade flows.,"Geopolitical events often lead to supply chain disruptions, affecting global trade patterns.",Inflation rates are influenced by geopolitical instability through increased commodity prices and currency fluctuations.,Countries with more stable geopolitical environments tend to experience lower inflation rates.
BIS,2025-03-17_Predicting-financial-market-stress-with-machine-learning_fintech.pdf,Predicting financial market stress with machine learning,The study explores the use of machine learning techniques to predict financial market stress.,It discusses various machine learning models and their effectiveness in forecasting financial market stress indicators.,The research highlights the importance of incorporating real-time data for more accurate predictions.,It also emphasizes the need for continuous model retraining to adapt to changing market conditions.
BIS,2025-03-18_The-AI-supply-chain_fintech.pdf,The AI Supply Chain Fintech,AI in supply chain fintech can improve efficiency by automating processes.,Integration of AI enhances risk management and fraud detection in financial transactions.,AI technology reduces costs through optimized resource allocation and predictive analytics.,The adoption of AI in supply chain fintech is expected to grow significantly over the next five years.
BIS,2025-03-19_Consumer-financial-data-and-non-horizontal-mergers_fintech.pdf,Consumer-financial-data-and-non-horizontal-mergers fintech,The research discusses consumer financial data and non-horizontal mergers in fintech.,It explores the impact of consumer financial data on market competition and innovation in fintech sectors.,The study examines how non-horizontal mergers affect consumer privacy and data security in fintech companies.,It also investigates the regulatory challenges faced by fintech firms due to data regulations.
BIS,2025-03-20_Climate-aware-investing_green_finance.pdf,Climate-aware investing and green finance,The integration of climate considerations into investment strategies can lead to better financial performance.,Green finance solutions are becoming increasingly important in addressing climate change challenges.,Investors who adopt a climate-aware approach see higher returns compared to those who do not.,There is a growing need for regulatory frameworks that support green investments.
